{
  "uid" : "2c59d5a944e125c9",
  "name" : "test[2]",
  "title" : "Общий тест по сортировкам",
  "time" : {
    "start" : 1474401585055,
    "stop" : 1474401585078,
    "duration" : 23
  },
  "summary" : {
    "attachments" : 0,
    "steps" : 5
  },
  "failure" : null,
  "description" : {
    "value" : "Это общий класс\nОбщий тест по сортировкам",
    "type" : "TEXT"
  },
  "severity" : "NORMAL",
  "status" : "PASSED",
  "testId" : null,
  "suite" : {
    "uid" : "cc9ab0b2f73e660e",
    "name" : "MAV_Sort.SortJUnitTest",
    "title" : "Тестирование пузырьковой и быстрой сортировки"
  },
  "steps" : [ {
    "name" : "test_ST[1000]",
    "title" : "Стандартная сортировка на 1 000 элементах массива",
    "time" : {
      "start" : 1474401585056,
      "stop" : 1474401585057,
      "duration" : 1
    },
    "summary" : {
      "attachments" : 0,
      "steps" : 0
    },
    "status" : "PASSED",
    "attachments" : [ ],
    "steps" : [ ]
  }, {
    "name" : "test_B[1000]",
    "title" : "Пузырьковая сортировка на 1 000 элементах массива",
    "time" : {
      "start" : 1474401585058,
      "stop" : 1474401585072,
      "duration" : 14
    },
    "summary" : {
      "attachments" : 0,
      "steps" : 0
    },
    "status" : "PASSED",
    "attachments" : [ ],
    "steps" : [ ]
  }, {
    "name" : "test_Q[1000]",
    "title" : "Быстрая сортировка на 1 000 элементах массива",
    "time" : {
      "start" : 1474401585073,
      "stop" : 1474401585074,
      "duration" : 1
    },
    "summary" : {
      "attachments" : 0,
      "steps" : 0
    },
    "status" : "PASSED",
    "attachments" : [ ],
    "steps" : [ ]
  }, {
    "name" : "test_good_B[[20, 150, 157, 171, 330, 501, 606, 1006, 1127, 1256, 1391, 1474, 1483, 1526, 1541, 1642, 1658, 1684, 1706, 1...]",
    "title" : "Проверка правильности пузырьковой сортировки",
    "time" : {
      "start" : 1474401585076,
      "stop" : 1474401585076,
      "duration" : 0
    },
    "summary" : {
      "attachments" : 0,
      "steps" : 0
    },
    "status" : "PASSED",
    "attachments" : [ ],
    "steps" : [ ]
  }, {
    "name" : "test_good_Q[[20, 150, 157, 171, 330, 501, 606, 1006, 1127, 1256, 1391, 1474, 1483, 1526, 1541, 1642, 1658, 1684, 1706, 1...]",
    "title" : "Проверка правильности быстрой сортировки",
    "time" : {
      "start" : 1474401585078,
      "stop" : 1474401585078,
      "duration" : 0
    },
    "summary" : {
      "attachments" : 0,
      "steps" : 0
    },
    "status" : "PASSED",
    "attachments" : [ ],
    "steps" : [ ]
  } ],
  "attachments" : [ ],
  "issues" : [ ],
  "labels" : [ {
    "name" : "host",
    "value" : "MAV-PC"
  }, {
    "name" : "thread",
    "value" : "6692@MAV-PC.main(1)"
  }, {
    "name" : "suite-name",
    "value" : "MAV_Sort.SortJUnitTest"
  }, {
    "name" : "suite-title",
    "value" : "Тестирование пузырьковой и быстрой сортировки"
  }, {
    "name" : "framework",
    "value" : "JUnit"
  }, {
    "name" : "language",
    "value" : "JAVA"
  } ],
  "parameters" : [ ]
}