{
  "features" : [ {
    "title" : "Without feature",
    "statistic" : {
      "total" : 5,
      "passed" : 5,
      "pending" : 0,
      "canceled" : 0,
      "failed" : 0,
      "broken" : 0
    },
    "stories" : [ {
      "uid" : "867fd5df0908e758",
      "title" : "Without story",
      "statistic" : {
        "total" : 5,
        "passed" : 5,
        "pending" : 0,
        "canceled" : 0,
        "failed" : 0,
        "broken" : 0
      },
      "testCases" : [ {
        "uid" : "f9d53c0550d060c9",
        "name" : "test[0]",
        "title" : "Общий тест по сортировкам",
        "time" : {
          "start" : 1474401584917,
          "stop" : 1474401585044,
          "duration" : 127
        },
        "severity" : "NORMAL",
        "status" : "PASSED"
      }, {
        "uid" : "c814d32e058db454",
        "name" : "test[1]",
        "title" : "Общий тест по сортировкам",
        "time" : {
          "start" : 1474401585047,
          "stop" : 1474401585054,
          "duration" : 7
        },
        "severity" : "NORMAL",
        "status" : "PASSED"
      }, {
        "uid" : "2c59d5a944e125c9",
        "name" : "test[2]",
        "title" : "Общий тест по сортировкам",
        "time" : {
          "start" : 1474401585055,
          "stop" : 1474401585078,
          "duration" : 23
        },
        "severity" : "NORMAL",
        "status" : "PASSED"
      }, {
        "uid" : "ccc17d2cd23a036d",
        "name" : "test[3]",
        "title" : "Общий тест по сортировкам",
        "time" : {
          "start" : 1474401585079,
          "stop" : 1474401585642,
          "duration" : 563
        },
        "severity" : "NORMAL",
        "status" : "PASSED"
      }, {
        "uid" : "e2cadc3d341d456b",
        "name" : "test[4]",
        "title" : "Общий тест по сортировкам",
        "time" : {
          "start" : 1474401585643,
          "stop" : 1474401623079,
          "duration" : 37436
        },
        "severity" : "NORMAL",
        "status" : "PASSED"
      } ]
    } ]
  } ]
}