{
  "uid" : "c814d32e058db454",
  "name" : "test[1]",
  "title" : "Общий тест по сортировкам",
  "time" : {
    "start" : 1474401585047,
    "stop" : 1474401585054,
    "duration" : 7
  },
  "summary" : {
    "attachments" : 0,
    "steps" : 5
  },
  "failure" : null,
  "description" : {
    "value" : "Это общий класс\nОбщий тест по сортировкам",
    "type" : "TEXT"
  },
  "severity" : "NORMAL",
  "status" : "PASSED",
  "testId" : null,
  "suite" : {
    "uid" : "cc9ab0b2f73e660e",
    "name" : "MAV_Sort.SortJUnitTest",
    "title" : "Тестирование пузырьковой и быстрой сортировки"
  },
  "steps" : [ {
    "name" : "test_ST[100]",
    "title" : "Стандартная сортировка на 100 элементах массива",
    "time" : {
      "start" : 1474401585049,
      "stop" : 1474401585049,
      "duration" : 0
    },
    "summary" : {
      "attachments" : 0,
      "steps" : 0
    },
    "status" : "PASSED",
    "attachments" : [ ],
    "steps" : [ ]
  }, {
    "name" : "test_B[100]",
    "title" : "Пузырьковая сортировка на 100 элементах массива",
    "time" : {
      "start" : 1474401585050,
      "stop" : 1474401585050,
      "duration" : 0
    },
    "summary" : {
      "attachments" : 0,
      "steps" : 0
    },
    "status" : "PASSED",
    "attachments" : [ ],
    "steps" : [ ]
  }, {
    "name" : "test_Q[100]",
    "title" : "Быстрая сортировка на 100 элементах массива",
    "time" : {
      "start" : 1474401585051,
      "stop" : 1474401585052,
      "duration" : 1
    },
    "summary" : {
      "attachments" : 0,
      "steps" : 0
    },
    "status" : "PASSED",
    "attachments" : [ ],
    "steps" : [ ]
  }, {
    "name" : "test_good_B[[1006, 4382, 4522, 5389, 6662, 6679, 6996, 7814, 9663, 10103, 10164, 10290, 11497, 12115, 12288, 13970, 1695...]",
    "title" : "Проверка правильности пузырьковой сортировки",
    "time" : {
      "start" : 1474401585053,
      "stop" : 1474401585053,
      "duration" : 0
    },
    "summary" : {
      "attachments" : 0,
      "steps" : 0
    },
    "status" : "PASSED",
    "attachments" : [ ],
    "steps" : [ ]
  }, {
    "name" : "test_good_Q[[1006, 4382, 4522, 5389, 6662, 6679, 6996, 7814, 9663, 10103, 10164, 10290, 11497, 12115, 12288, 13970, 1695...]",
    "title" : "Проверка правильности быстрой сортировки",
    "time" : {
      "start" : 1474401585054,
      "stop" : 1474401585054,
      "duration" : 0
    },
    "summary" : {
      "attachments" : 0,
      "steps" : 0
    },
    "status" : "PASSED",
    "attachments" : [ ],
    "steps" : [ ]
  } ],
  "attachments" : [ ],
  "issues" : [ ],
  "labels" : [ {
    "name" : "host",
    "value" : "MAV-PC"
  }, {
    "name" : "thread",
    "value" : "6692@MAV-PC.main(1)"
  }, {
    "name" : "suite-name",
    "value" : "MAV_Sort.SortJUnitTest"
  }, {
    "name" : "suite-title",
    "value" : "Тестирование пузырьковой и быстрой сортировки"
  }, {
    "name" : "framework",
    "value" : "JUnit"
  }, {
    "name" : "language",
    "value" : "JAVA"
  } ],
  "parameters" : [ ]
}