{
  "uid" : "ccc17d2cd23a036d",
  "name" : "test[3]",
  "title" : "Общий тест по сортировкам",
  "time" : {
    "start" : 1474401585079,
    "stop" : 1474401585642,
    "duration" : 563
  },
  "summary" : {
    "attachments" : 0,
    "steps" : 5
  },
  "failure" : null,
  "description" : {
    "value" : "Это общий класс\nОбщий тест по сортировкам",
    "type" : "TEXT"
  },
  "severity" : "NORMAL",
  "status" : "PASSED",
  "testId" : null,
  "suite" : {
    "uid" : "cc9ab0b2f73e660e",
    "name" : "MAV_Sort.SortJUnitTest",
    "title" : "Тестирование пузырьковой и быстрой сортировки"
  },
  "steps" : [ {
    "name" : "test_ST[10000]",
    "title" : "Стандартная сортировка на 10 000 элементах массива",
    "time" : {
      "start" : 1474401585080,
      "stop" : 1474401585086,
      "duration" : 6
    },
    "summary" : {
      "attachments" : 0,
      "steps" : 0
    },
    "status" : "PASSED",
    "attachments" : [ ],
    "steps" : [ ]
  }, {
    "name" : "test_B[10000]",
    "title" : "Пузырьковая сортировка на 10 000 элементах массива",
    "time" : {
      "start" : 1474401585087,
      "stop" : 1474401585619,
      "duration" : 532
    },
    "summary" : {
      "attachments" : 0,
      "steps" : 0
    },
    "status" : "PASSED",
    "attachments" : [ ],
    "steps" : [ ]
  }, {
    "name" : "test_Q[10000]",
    "title" : "Быстрая сортировка на 10 000 элементах массива",
    "time" : {
      "start" : 1474401585620,
      "stop" : 1474401585622,
      "duration" : 2
    },
    "summary" : {
      "attachments" : 0,
      "steps" : 0
    },
    "status" : "PASSED",
    "attachments" : [ ],
    "steps" : [ ]
  }, {
    "name" : "test_good_B[[20, 36, 39, 61, 69, 72, 72, 75, 86, 87, 100, 114, 119, 132, 150, 150, 157, 168, 171, 176, 182, 203, 210, 26...]",
    "title" : "Проверка правильности пузырьковой сортировки",
    "time" : {
      "start" : 1474401585633,
      "stop" : 1474401585634,
      "duration" : 1
    },
    "summary" : {
      "attachments" : 0,
      "steps" : 0
    },
    "status" : "PASSED",
    "attachments" : [ ],
    "steps" : [ ]
  }, {
    "name" : "test_good_Q[[20, 36, 39, 61, 69, 72, 72, 75, 86, 87, 100, 114, 119, 132, 150, 150, 157, 168, 171, 176, 182, 203, 210, 26...]",
    "title" : "Проверка правильности быстрой сортировки",
    "time" : {
      "start" : 1474401585641,
      "stop" : 1474401585642,
      "duration" : 1
    },
    "summary" : {
      "attachments" : 0,
      "steps" : 0
    },
    "status" : "PASSED",
    "attachments" : [ ],
    "steps" : [ ]
  } ],
  "attachments" : [ ],
  "issues" : [ ],
  "labels" : [ {
    "name" : "host",
    "value" : "MAV-PC"
  }, {
    "name" : "thread",
    "value" : "6692@MAV-PC.main(1)"
  }, {
    "name" : "suite-name",
    "value" : "MAV_Sort.SortJUnitTest"
  }, {
    "name" : "suite-title",
    "value" : "Тестирование пузырьковой и быстрой сортировки"
  }, {
    "name" : "framework",
    "value" : "JUnit"
  }, {
    "name" : "language",
    "value" : "JAVA"
  } ],
  "parameters" : [ ]
}