{
  "uid" : "e2cadc3d341d456b",
  "name" : "test[4]",
  "title" : "Общий тест по сортировкам",
  "time" : {
    "start" : 1474401585643,
    "stop" : 1474401623079,
    "duration" : 37436
  },
  "summary" : {
    "attachments" : 0,
    "steps" : 5
  },
  "failure" : null,
  "description" : {
    "value" : "Это общий класс\nОбщий тест по сортировкам",
    "type" : "TEXT"
  },
  "severity" : "NORMAL",
  "status" : "PASSED",
  "testId" : null,
  "suite" : {
    "uid" : "cc9ab0b2f73e660e",
    "name" : "MAV_Sort.SortJUnitTest",
    "title" : "Тестирование пузырьковой и быстрой сортировки"
  },
  "steps" : [ {
    "name" : "test_ST[100000]",
    "title" : "Стандартная сортировка на 100 000 элементах массива",
    "time" : {
      "start" : 1474401585646,
      "stop" : 1474401585680,
      "duration" : 34
    },
    "summary" : {
      "attachments" : 0,
      "steps" : 0
    },
    "status" : "PASSED",
    "attachments" : [ ],
    "steps" : [ ]
  }, {
    "name" : "test_B[100000]",
    "title" : "Пузырьковая сортировка на 100 000 элементах массива",
    "time" : {
      "start" : 1474401585681,
      "stop" : 1474401622936,
      "duration" : 37255
    },
    "summary" : {
      "attachments" : 0,
      "steps" : 0
    },
    "status" : "PASSED",
    "attachments" : [ ],
    "steps" : [ ]
  }, {
    "name" : "test_Q[100000]",
    "title" : "Быстрая сортировка на 100 000 элементах массива",
    "time" : {
      "start" : 1474401622937,
      "stop" : 1474401622971,
      "duration" : 34
    },
    "summary" : {
      "attachments" : 0,
      "steps" : 0
    },
    "status" : "PASSED",
    "attachments" : [ ],
    "steps" : [ ]
  }, {
    "name" : "test_good_B[[0, 0, 1, 1, 3, 4, 5, 6, 8, 8, 10, 11, 12, 13, 15, 15, 17, 17, 20, 20, 20, 22, 27, 27, 28, 28, 29, 29, 32, 3...]",
    "title" : "Проверка правильности пузырьковой сортировки",
    "time" : {
      "start" : 1474401623027,
      "stop" : 1474401623032,
      "duration" : 5
    },
    "summary" : {
      "attachments" : 0,
      "steps" : 0
    },
    "status" : "PASSED",
    "attachments" : [ ],
    "steps" : [ ]
  }, {
    "name" : "test_good_Q[[0, 0, 1, 1, 3, 4, 5, 6, 8, 8, 10, 11, 12, 13, 15, 15, 17, 17, 20, 20, 20, 22, 27, 27, 28, 28, 29, 29, 32, 3...]",
    "title" : "Проверка правильности быстрой сортировки",
    "time" : {
      "start" : 1474401623077,
      "stop" : 1474401623079,
      "duration" : 2
    },
    "summary" : {
      "attachments" : 0,
      "steps" : 0
    },
    "status" : "PASSED",
    "attachments" : [ ],
    "steps" : [ ]
  } ],
  "attachments" : [ ],
  "issues" : [ ],
  "labels" : [ {
    "name" : "host",
    "value" : "MAV-PC"
  }, {
    "name" : "thread",
    "value" : "6692@MAV-PC.main(1)"
  }, {
    "name" : "suite-name",
    "value" : "MAV_Sort.SortJUnitTest"
  }, {
    "name" : "suite-title",
    "value" : "Тестирование пузырьковой и быстрой сортировки"
  }, {
    "name" : "framework",
    "value" : "JUnit"
  }, {
    "name" : "language",
    "value" : "JAVA"
  } ],
  "parameters" : [ ]
}