{
  "uid" : "f9d53c0550d060c9",
  "name" : "test[0]",
  "title" : "Общий тест по сортировкам",
  "time" : {
    "start" : 1474401584917,
    "stop" : 1474401585044,
    "duration" : 127
  },
  "summary" : {
    "attachments" : 0,
    "steps" : 5
  },
  "failure" : null,
  "description" : {
    "value" : "Это общий класс\nОбщий тест по сортировкам",
    "type" : "TEXT"
  },
  "severity" : "NORMAL",
  "status" : "PASSED",
  "testId" : null,
  "suite" : {
    "uid" : "cc9ab0b2f73e660e",
    "name" : "MAV_Sort.SortJUnitTest",
    "title" : "Тестирование пузырьковой и быстрой сортировки"
  },
  "steps" : [ {
    "name" : "test_ST[10]",
    "title" : "Стандартная сортировка на 10 элементах массива",
    "time" : {
      "start" : 1474401585033,
      "stop" : 1474401585035,
      "duration" : 2
    },
    "summary" : {
      "attachments" : 0,
      "steps" : 0
    },
    "status" : "PASSED",
    "attachments" : [ ],
    "steps" : [ ]
  }, {
    "name" : "test_B[10]",
    "title" : "Пузырьковая сортировка на 10 элементах массива",
    "time" : {
      "start" : 1474401585036,
      "stop" : 1474401585037,
      "duration" : 1
    },
    "summary" : {
      "attachments" : 0,
      "steps" : 0
    },
    "status" : "PASSED",
    "attachments" : [ ],
    "steps" : [ ]
  }, {
    "name" : "test_Q[10]",
    "title" : "Быстрая сортировка на 10 элементах массива",
    "time" : {
      "start" : 1474401585038,
      "stop" : 1474401585038,
      "duration" : 0
    },
    "summary" : {
      "attachments" : 0,
      "steps" : 0
    },
    "status" : "PASSED",
    "attachments" : [ ],
    "steps" : [ ]
  }, {
    "name" : "test_good_B[[4522, 18794, 29244, 40911, 56987, 60877, 63368, 64316, 81831, 90100], [4522, 18794, 29244, 40911, 56987, 60...]",
    "title" : "Проверка правильности пузырьковой сортировки",
    "time" : {
      "start" : 1474401585039,
      "stop" : 1474401585039,
      "duration" : 0
    },
    "summary" : {
      "attachments" : 0,
      "steps" : 0
    },
    "status" : "PASSED",
    "attachments" : [ ],
    "steps" : [ ]
  }, {
    "name" : "test_good_Q[[4522, 18794, 29244, 40911, 56987, 60877, 63368, 64316, 81831, 90100], [4522, 18794, 29244, 40911, 56987, 60...]",
    "title" : "Проверка правильности быстрой сортировки",
    "time" : {
      "start" : 1474401585041,
      "stop" : 1474401585041,
      "duration" : 0
    },
    "summary" : {
      "attachments" : 0,
      "steps" : 0
    },
    "status" : "PASSED",
    "attachments" : [ ],
    "steps" : [ ]
  } ],
  "attachments" : [ ],
  "issues" : [ ],
  "labels" : [ {
    "name" : "host",
    "value" : "MAV-PC"
  }, {
    "name" : "thread",
    "value" : "6692@MAV-PC.main(1)"
  }, {
    "name" : "suite-name",
    "value" : "MAV_Sort.SortJUnitTest"
  }, {
    "name" : "suite-title",
    "value" : "Тестирование пузырьковой и быстрой сортировки"
  }, {
    "name" : "framework",
    "value" : "JUnit"
  }, {
    "name" : "language",
    "value" : "JAVA"
  } ],
  "parameters" : [ ]
}