{
  "hash" : "f0f9583e3b2974a632a09536fa6cd0de93829600",
  "data" : [ {
    "name" : "defects",
    "type" : "DEFECTS",
    "data" : [ {
      "count" : 0,
      "message" : "There are no defects!",
      "status" : "PASSED"
    } ]
  }, {
    "name" : "xunit",
    "type" : "TITLE_STATISTICS",
    "data" : [ {
      "title" : "Тестирование пузырьковой и быстрой сортировки",
      "statistic" : {
        "total" : 5,
        "passed" : 5,
        "pending" : 0,
        "canceled" : 0,
        "failed" : 0,
        "broken" : 0
      }
    } ]
  }, {
    "name" : "behaviors",
    "type" : "TITLE_STATISTICS",
    "data" : [ {
      "title" : "Without feature",
      "statistic" : {
        "total" : 5,
        "passed" : 5,
        "pending" : 0,
        "canceled" : 0,
        "failed" : 0,
        "broken" : 0
      }
    } ]
  }, {
    "name" : "environment",
    "type" : "KEY_VALUE",
    "data" : [ ]
  } ]
}